game,variant,launch_index,cache,warm_index,included,duration_ms,minflt,majflt,rss_before_kib,rss_after_kib,sampled_peak_rss_kib,minimum_available_kib,approximate_cpu_ms,system_swap_in_pages,system_swap_out_pages,median_sample_interval_ms
cstrike,baseline,1,cleared,0,1,23414.235,89478,882,26420,40244,45632,920,8170,2048,20248,102
cstrike,baseline,1,warm,0,0,10735.716,21263,655,43632,35972,45012,1544,4660,1213,3564,102
cstrike,baseline,1,warm,1,1,9489.710,19564,82,35976,34460,38980,11496,5170,42,552,102
cstrike,baseline,1,warm,2,1,8185.073,17944,60,34288,34760,37704,13192,4150,4,31,102
cstrike,baseline,1,warm,3,1,9399.502,18828,58,35148,34008,38668,12620,5110,0,432,102
cstrike,baseline,2,cleared,0,1,23790.004,89512,957,26284,40840,45548,588,9220,2064,20341,102.0
cstrike,baseline,2,warm,0,0,11755.906,21545,692,43712,35780,45084,1600,5260,1285,3823,102.0
cstrike,baseline,2,warm,1,1,8927.218,19416,87,35512,34320,39116,11684,4760,40,521,102.0
cstrike,baseline,2,warm,2,1,8872.306,18020,62,34524,34528,38124,12888,4690,0,150,102.0
cstrike,baseline,2,warm,3,1,9522.911,18889,60,34804,33964,38480,12752,5220,3,376,102.0
cstrike,baseline,3,cleared,0,1,23719.813,89315,898,26288,41452,45844,520,9590,2045,20176,102.0
cstrike,baseline,3,warm,0,0,11582.978,21261,687,43096,35716,44984,1496,5390,1275,3626,102.0
cstrike,baseline,3,warm,1,1,8660.312,19488,84,35644,34076,38700,11652,4290,41,538,102.0
cstrike,baseline,3,warm,2,1,8842.551,17974,60,34384,34648,37916,13060,4350,0,75,102.0
cstrike,baseline,3,warm,3,1,7453.051,19018,61,34892,34076,38176,12756,3390,3,371,102.0
cstrike,candidate,1,cleared,0,1,22395.788,85461,746,24092,40696,45596,644,9180,1861,16913,102
cstrike,candidate,1,warm,0,0,10167.040,19290,220,42292,36864,42900,5412,5010,348,2239,102
cstrike,candidate,1,warm,1,1,7542.787,17272,88,36692,33724,38848,11068,3500,36,933,102
cstrike,candidate,1,warm,2,1,7394.014,15242,56,33876,31432,36788,13808,3410,0,755,102
cstrike,candidate,1,warm,3,1,8969.161,14484,56,31724,30016,34712,16188,4890,0,313,102
cstrike,candidate,2,cleared,0,1,22752.210,85488,694,24192,41168,44900,832,8910,1793,16489,102
cstrike,candidate,2,warm,0,0,8970.980,19031,222,42836,36892,43384,5584,4170,352,2212,102
cstrike,candidate,2,warm,1,1,8758.248,17354,87,35324,33244,38300,11668,4590,26,672,102
cstrike,candidate,2,warm,2,1,8122.763,15191,59,33556,30884,36456,14484,4010,0,720,102
cstrike,candidate,2,warm,3,1,8561.025,14534,58,31696,29928,34620,16380,4500,0,280,102
cstrike,candidate,3,cleared,0,1,20165.457,85350,727,24288,41484,45520,472,7780,1876,16753,102
cstrike,candidate,3,warm,0,0,8705.851,19057,222,42816,36852,42928,5500,4010,355,2237,102
cstrike,candidate,3,warm,1,1,8299.494,17274,89,36992,33872,38556,11960,4200,28,901,102
cstrike,candidate,3,warm,2,1,8104.197,15239,57,34100,31532,37032,13940,4090,0,763,102
cstrike,candidate,3,warm,3,1,9249.756,14528,57,31928,30036,34812,16468,5080,0,364,102
valve,baseline,1,cleared,0,1,4630.106,24553,140,20928,39200,44920,2008,1940,212,2607,102.0
valve,baseline,1,warm,0,0,2535.435,2484,27,41640,42644,42644,5560,2080,118,0,102.0
valve,baseline,1,warm,1,1,641.436,1519,1,42644,42668,42668,6892,490,2,0,102.0
valve,baseline,1,warm,2,1,2360.152,1386,0,42668,42732,42732,6892,2000,0,0,102.0
valve,baseline,1,warm,3,1,1920.016,1387,0,42732,42732,42732,6860,1620,0,0,102.0
valve,baseline,2,cleared,0,1,4918.077,24457,142,20828,39320,44932,1832,2200,225,2599,102
valve,baseline,2,warm,0,0,1569.136,2011,28,41652,42596,42596,5888,1230,120,0,102
valve,baseline,2,warm,1,1,735.852,1544,1,42600,42628,42628,6912,610,3,0,102
valve,baseline,2,warm,2,1,633.742,1417,0,42628,42692,42692,6792,480,0,0,102
valve,baseline,2,warm,3,1,807.391,1404,0,42692,42664,42692,6744,710,0,0,102
valve,baseline,3,cleared,0,1,4281.105,23894,82,20668,43848,44864,2692,2140,10,1293,102.0
valve,baseline,3,warm,0,0,2540.093,2085,25,43460,42640,44080,5328,2020,106,399,102.0
valve,baseline,3,warm,1,1,1947.194,1573,1,42644,42664,42664,6248,1580,2,0,102.0
valve,baseline,3,warm,2,1,2420.338,1508,0,42664,42696,42696,6260,2000,0,0,102.0
valve,baseline,3,warm,3,1,2306.526,1412,0,42696,42676,42676,6472,1920,0,0,102.0
valve,candidate,1,cleared,0,1,3749.019,22491,19,18976,43480,43648,6228,2240,0,67,102.0
valve,candidate,1,warm,0,0,1723.956,1717,19,44644,43952,44148,4584,1310,28,268,102.0
valve,candidate,1,warm,1,1,1659.794,757,0,43952,43976,43880,5468,1380,0,0,102.0
valve,candidate,1,warm,2,1,1400.897,642,0,43980,43956,43956,5408,1130,0,0,102.0
valve,candidate,1,warm,3,1,1847.156,625,0,44056,44024,43944,5444,1590,0,0,102.0
valve,candidate,2,cleared,0,1,3298.817,22494,22,19000,43272,43692,6968,1850,1,82,102
valve,candidate,2,warm,0,0,1470.224,1597,21,44676,43688,43592,4520,1110,28,364,102
valve,candidate,2,warm,1,1,402.762,749,0,43688,43704,43700,5456,340,0,0,102
valve,candidate,2,warm,2,1,2219.375,640,0,43704,43672,43672,5388,1880,0,0,102
valve,candidate,2,warm,3,1,1365.182,627,0,43772,43748,43652,5380,1150,0,0,102
valve,candidate,3,cleared,0,1,4205.071,22555,19,18980,43408,43596,6236,2670,0,95,102
valve,candidate,3,warm,0,0,1829.421,1607,20,44628,44024,44628,4468,1450,28,268,102
valve,candidate,3,warm,1,1,1251.098,752,0,44028,44044,44028,5524,1000,0,0,102
valve,candidate,3,warm,2,1,2135.080,640,0,44044,44012,44044,5476,1810,0,0,102
valve,candidate,3,warm,3,1,1718.278,627,0,44112,44104,44008,5456,1460,0,0,102
